trial,best object,waypoints,RRT min cost,RRT time,trajopt cost,trajopt time,,total time,cost change,,,,
1,2,44,7.708,4.27,6.115,6.96,,11.23,-1.593,,,,
2,2,41,7.061,4.48,6.343,3.95,,8.43,-0.718,,,,
0,3,45,7.905,4.111,7.887,5.826,,9.937,-0.018,,,,
0,2,36,6.443,3.733,6.648,4.035,,7.768,0.205,,,ave waypoints,42.9333333333333
0,2,42,7.562,3.994,6.836,7.115,,11.109,-0.726,,,,
0,2,34,6.162,4.08,6.458,3.045,,7.125,0.296,,,ave RRT cost,7.67504666666667
0,2,39,7.012,4.365,6.475,4.399,,8.764,-0.537,,,,
0,2,38,6.969,4.335,6.272,2.618,,6.953,-0.697,,,ave RRT time,4.02940666666667
0,2,62,11.088,3.683,8.542,12.634,,16.317,-2.546,,,,
0,3,46,8.429,4.139,7.904,5.009,,9.148,-0.525,,,ave trajopt cost,6.91582666666667
0,2,41,7.637,3.89,7.006,4.979,,8.869,-0.631,,,,
0,2,40,7.26,3.872,6.23,6.213,,10.085,-1.03,,,ave trajopt time,5.95606
0,2,34,6.068,4.038,5.91,3.379,,7.417,-0.157999999999999,,,,
0,2,43,7.645,3.816,5.815,5.271,,9.087,-1.83,,,,
0,3,50,8.907,4.253,8.727,6.125,,10.378,-0.18,,,,
0,2,38,6.863,4.199,6.362,6.253,,10.452,-0.500999999999999,,,ave total time,9.98546666666667
0,2,44,7.871,4.082,5.924,10.697,,14.779,-1.947,,,,
0,2,44,7.806,3.843,7.332,5.676,,9.519,-0.474,,,ave cost change,-0.75922
0,2,34,6.067,3.862,6.044,3.117,,6.979,-0.023000000000001,,,,
0,2,42,7.368,4.068,6.528,5.78,,9.848,-0.84,,,decrease percent,0.833333333333333
0,2,45,8.206,3.891,5.946,6.473,,10.364,-2.26,,,,
0,3,54,9.405,3.847,8.206,10.215,,14.062,-1.199,,,ave decrease,-0.94888
0,2,35,6.195,4.088,5.907,4.195,,8.283,-0.288,,,,
0,2,34,5.977,4.405,6.357,2.987,,7.392,0.38,,,ave increase,0.18908
0,2,35,6.061,3.82,5.991,4.347,,8.167,-0.07,,,,
0,2,40,7.319,4.459,6.033,6.376,,10.835,-1.286,,,,
0,2,47,8.553,4.023,7.133,8.198,,12.221,-1.42,,,,
0,2,38,6.865,3.708,5.915,3.756,,7.464,-0.95,,,,
0,3,50,8.933,3.849,8.623,4.755,,8.604,-0.31,,,,
0,2,41,7.284,4.007,6.72,4.981,,8.988,-0.564,,,,
0,3,48,8.513,3.912,8.582,6.545,,10.457,0.069000000000001,,,,
0,2,35,6.322,3.855,6.039,3.72,,7.575,-0.283,,,,
0,2,43,7.778,3.698,6.303,9.506,,13.204,-1.475,,,,
0,3,48,8.564,3.681,8.482,4.337,,8.018,-0.082000000000001,,,,
0,2,35,6.272,3.672,6.521,3.217,,6.889,0.249,,,,
0,3,45,7.993,3.409,7.861,4.698,,8.107,-0.132000000000001,,,,
0,3,47,8.194,3.86,7.932,4.797,,8.657,-0.262,,,,
0,2,45,8.086,3.871,6.81,8.83,,12.701,-1.276,,,,
0,2,51,8.988,3.826,7.183,10.142,,13.968,-1.805,,,,
0,2,35,6.377,3.914,6.003,3.622,,7.536,-0.374,,,,
0,3,53,9.41,3.915,8.796,5.252,,9.167,-0.614000000000001,,,,
0,2,48,8.731,3.721,5.961,10.357,,14.078,-2.77,,,,
0,2,52,9.268,3.802,6.073,12.716,,16.518,-3.195,,,,
0,2,34,6.107,4.264,6.068,2.372,,6.636,-0.039000000000001,,,,
0,2,41,7.51,4.188,6.026,4.59,,8.778,-1.484,,,,
0,2,36,6.292,3.969,6.101,3.58,,7.549,-0.191,,,,
0,2,48,8.68,4.292,7.2,11.48,,15.772,-1.48,,,,
0,2,34,5.991,3.723,6.423,3.255,,6.978,0.432,,,,
0,3,47,8.444,4.003,8.033,9.58,,13.583,-0.411000000000001,,,,
0,2,35,6.076,4.077,6.044,3.283,,7.36,-0.032,,,,
0,2,41,7.429,4.187,6.386,7.308,,11.495,-1.043,,,,
0,2,38,6.704,3.845,5.997,5.617,,9.462,-0.707,,,,
0,2,41,7.189,3.674,6.923,4.127,,7.801,-0.266,,,,
0,3,45,7.899,3.791,8.01,6.182,,9.973,0.111,,,,
0,2,34,6.12,3.758,6.063,3.5,,7.258,-0.057,,,,
0,3,51,9.095,4.037,9.059,8.467,,12.504,-0.036000000000001,,,,
0,2,42,7.542,3.98,5.978,5.936,,9.916,-1.564,,,,
0,2,34,6.211,3.75,6.018,3.275,,7.025,-0.193000000000001,,,,
0,2,51,9.184,4.274,8.17,5.766,,10.04,-1.014,,,,
0,3,49,8.58,3.657,7.892,7.463,,11.12,-0.688,,,,
0,2,39,7.011,4.411,6.087,3.976,,8.387,-0.924,,,,
0,2,34,6.007,3.811,6.345,3.742,,7.553,0.338,,,,
0,2,35,5.94,4.08,5.997,3.364,,7.444,0.057,,,,
0,2,36,6.179,4.298,5.969,2.997,,7.295,-0.21,,,,
0,2,43,7.62,3.859,7.428,4.917,,8.776,-0.192,,,,
0,3,45,7.968,4.334,7.905,5.68,,10.014,-0.063,,,,
0,2,39,6.846,4.232,5.997,5.837,,10.069,-0.849,,,,
0,2,38,7.457,4.344,6.233,3.651,,7.995,-1.224,,,,
0,2,47,8.539,3.61,6.097,7.745,,11.355,-2.442,,,,
0,2,34,5.946,4.208,6.021,3.32,,7.528,0.075,,,,
0,2,44,7.926,4.35,7.446,6.027,,10.377,-0.48,,,,
0,2,35,6.535,4.185,6.799,2.722,,6.907,0.264,,,,
0,2,46,8.384,4.148,6.608,4.55,,8.698,-1.776,,,,
0,2,35,6.484,4.184,6.08,3.266,,7.45,-0.404,,,,
0,2,37,6.555,4.337,6.038,4.614,,8.951,-0.516999999999999,,,,
0,2,34,5.88,4.363,5.994,3.937,,8.3,0.114,,,,
0,3,46,7.931,4.085,7.941,4.96,,9.045,0.01,,,,
0,3,51,9.157,4.198,8.788,6.68,,10.878,-0.369,,,,
0,3,50,8.874,3.937,7.94,5.777,,9.714,-0.934,,,,
0,2,35,6.123,4.005,6.292,2.917,,6.922,0.169,,,,
0,2,41,7.46,4.265,6.519,5.645,,9.91,-0.941,,,,
0,2,34,6.083,4.134,6.426,3.036,,7.17,0.343,,,,
0,2,35,6.167,4.152,6.155,3.314,,7.466,-0.012,,,,
0,2,39,7.105,3.658,5.95,5.162,,8.82,-1.155,,,,
0,2,47,8.476,4.216,6.316,4.232,,8.448,-2.16,,,,
0,2,39,7.025,4.281,6.877,6.409,,10.69,-0.148000000000001,,,,
0,2,42,7.768,4.248,6.658,6.52,,10.768,-1.11,,,,
0,2,44,8.087,4.304,6.042,11.131,,15.435,-2.045,,,,
0,2,37,6.845,3.872,6.024,4.765,,8.637,-0.821,,,,
0,3,47,8.625,4.121,8.059,6.23,,10.351,-0.566000000000001,,,,
0,2,62,11.08,4.021,7.562,16.301,,20.322,-3.518,,,,
0,2,34,5.939,4.045,6.388,2.821,,6.866,0.449,,,,
0,2,45,8.126,4.092,6.691,6.784,,10.876,-1.435,,,,
0,2,41,7.541,4.162,6.456,9.462,,13.624,-1.085,,,,
0,2,49,8.637,3.747,6.624,11.403,,15.15,-2.013,,,,
0,2,43,7.872,4.326,6.772,9.52,,13.846,-1.1,,,,
0,2,41,7.275,4.28,7.187,4.356,,8.636,-0.088,,,,
0,2,39,6.975,4.113,5.9,5.157,,9.27,-1.075,,,,
0,3,66,11.259,4.342,11.392,5.01,,9.352,0.132999999999999,,,,
0,2,43,7.783,4.403,6.044,6.324,,10.727,-1.739,,,,
0,3,47,8.268,3.864,8.149,6.998,,10.862,-0.119000000000002,,,,
0,2,39,7.229,4.132,6.631,3.587,,7.719,-0.598,,,,
0,2,55,10.043,4.061,7.529,11.572,,15.633,-2.514,,,,
0,3,52,9.316,4.132,8.312,9.433,,13.565,-1.004,,,,
0,2,36,6.338,3.759,6.018,3.415,,7.174,-0.32,,,,
0,2,40,7.12,4.091,6.853,5.45,,9.541,-0.267,,,,
0,2,36,6.359,4.312,6.155,4.07,,8.382,-0.204,,,,
0,3,46,8.092,4.438,7.956,9.542,,13.98,-0.136,,,,
0,2,39,7.275,4.313,5.973,3.251,,7.564,-1.302,,,,
0,3,47,8.537,4.062,7.924,7.976,,12.038,-0.613,,,,
0,3,46,8.262,3.861,8.06,7.554,,11.415,-0.202,,,,
0,2,35,6.204,4.165,6.365,3.283,,7.448,0.161,,,,
0,2,35,6.278,3.653,6.311,3.765,,7.418,0.033,,,,
0,2,64,11.352,3.845,7.024,13.414,,17.259,-4.328,,,,
0,2,38,6.647,4.325,6.243,3.448,,7.773,-0.404,,,,
0,3,66,11.455,4.352,10.335,15.167,,19.519,-1.12,,,,
0,3,46,8.164,4.18,7.826,3.998,,8.178,-0.337999999999999,,,,
0,2,35,6.523,4.323,5.991,2.926,,7.249,-0.532,,,,
0,2,36,6.533,3.863,6.023,3.3,,7.163,-0.510000000000001,,,,
0,2,35,6.119,3.949,5.986,3.322,,7.271,-0.133,,,,
0,2,37,6.855,4.011,5.916,3.169,,7.18,-0.939,,,,
0,2,50,8.931,4.064,7.32,4.559,,8.623,-1.611,,,,
0,3,54,9.494,4.003,8.864,9.904,,13.907,-0.629999999999999,,,,
0,2,46,8.263,3.763,6.111,10.943,,14.706,-2.152,,,,
0,2,46,8.249,4.239,6.818,6.946,,11.185,-1.431,,,,
0,2,35,6.343,3.931,6.396,2.609,,6.54,0.053,,,,
0,2,47,8.51,3.873,7.375,5.963,,9.836,-1.135,,,,
0,2,37,6.67,4.036,6.589,3.587,,7.623,-0.081,,,,
0,2,37,6.552,4.121,5.952,6.237,,10.358,-0.6,,,,
0,3,46,8.344,3.966,7.896,4.347,,8.313,-0.448,,,,
0,2,34,5.976,3.774,6.054,3.364,,7.138,0.078,,,,
0,2,47,8.553,3.768,6.543,11.815,,15.583,-2.01,,,,
0,2,35,6.332,3.782,5.872,3.758,,7.54,-0.46,,,,
0,2,48,8.457,3.797,6.332,8.124,,11.921,-2.125,,,,
0,3,46,8.406,4.456,8.034,5.025,,9.481,-0.372,,,,
0,2,34,5.981,4.447,5.996,3.181,,7.628,0.015000000000001,,,,
0,3,47,8.34,3.858,7.892,3.359,,7.217,-0.448,,,,
0,2,34,5.993,3.636,5.962,3.976,,7.612,-0.031000000000001,,,,
0,2,78,13.446,4.04,10.936,19.34,,23.38,-2.51,,,,
0,3,51,9.149,3.76,8.193,6.256,,10.016,-0.956,,,,
0,2,62,11.159,3.981,8.157,12.522,,16.503,-3.002,,,,
0,2,61,10.805,3.779,8.025,9.44,,13.219,-2.78,,,,
0,2,37,6.753,3.946,6.01,3.864,,7.81,-0.743,,,,
0,2,35,6.097,4.218,6.403,2.31,,6.528,0.306,,,,
0,3,46,8.105,3.855,7.951,4.651,,8.506,-0.154,,,,
0,2,48,8.634,3.709,7.788,5.541,,9.25,-0.846,,,,
0,2,36,6.336,3.992,6.57,3.122,,7.114,0.234,,,,
0,2,34,5.903,3.776,6.056,3.205,,6.981,0.153,,,,
0,3,46,8.176,4.361,7.876,3.872,,8.233,-0.3,,,,
0,3,60,10.663,4.213,8.65,15.804,,20.017,-2.013,,,,
